<weapons>
<!-- Name Type Finesse Intuitive Attack Size Dam Type Base Dam Crit Range Crit Mult Other -->
<!-- Tiny -->
<weapon name="Dagger" type="Simple/D/M/R/W" finesse="true" intuitive_attack="true" size="Tiny" damage_type="P" base_damage="1d4" crit_range="19-20" crit_multiplier="2"/>
<weapon name="Katar" type="Exotic/Rogue" finesse="true" size="Tiny" damage_type="P" base_damage="1d4" crit_range="18-20" crit_multiplier="2" info="NO intuitive attack"/>
<weapon name="Sai" type="Exotic/Monk" finesse="true" size="Tiny" damage_type="B" base_damage="2d4" crit_range="19-20" crit_multiplier="2"/>
<weapon name="Kukri" type="Exotic/Rogue" finesse="true" size="Tiny" damage_type="S" base_damage="1d4" crit_range="18-20" crit_multiplier="2" info="PC Scry to exchange club feats for kukri feats"/>
<weapon name="Sap" type="Exotic/Rogue" finesse="true" size="Tiny" damage_type="B" base_damage="1d4" crit_range="18-20" crit_multiplier="2"/>
<weapon name="Assassin Dagger" type="Exotic/Poison" finesse="true" size="Tiny" damage_type="P" base_damage="1d4" crit_range="17-20" crit_multiplier="1" info="No WoC"/>
<!-- Small -->
<weapon name="Light Mace" type="Simple/Rogue" finesse="true" intuitive_attack="true" size="Small" damage_type="B" base_damage="1d6" crit_range="19-20" crit_multiplier="3"/>
<weapon name="Sickle" type="Simple/Druid" finesse="true" intuitive_attack="true" size="Small" damage_type="S" base_damage="1d6" crit_range="19-20" crit_multiplier="3"/>
<weapon name="Goad" type="Martial/Monk" finesse="true" intuitive_attack="true" size="Small" damage_type="P" base_damage="1d6" crit_range="20" crit_multiplier="2" info="Monk weapon"/>
<weapon name="Handaxe" type="Martial/M/R" finesse="true" size="Small" damage_type="S" base_damage="1d6" crit_range="20" crit_multiplier="4"/>
<weapon name="Light Hammer" type="Martial" finesse="true" size="Small" damage_type="B" base_damage="1d6" crit_range="20" crit_multiplier="4"/>
<weapon name="Light Pick" type="Martial" finesse="true" size="Small" damage_type="P" base_damage="1d6" crit_range="20" crit_multiplier="4"/>
<weapon name="Short Sword" type="Martial/Rogue" finesse="true" size="Small" damage_type="P" base_damage="1d6" crit_range="19-20" crit_multiplier="3"/>
<weapon name="Kama" type="Exotic/Monk" finesse="true" intuitive_attack="true" size="Small" damage_type="S" base_damage="1d6" crit_range="20" crit_multiplier="2" info="Monk weapon"/>
<weapon name="Nunchaku" type="Exotic/Monk" finesse="true" intuitive_attack="true" size="Small" damage_type="B" base_damage="1d6" crit_range="20" crit_multiplier="2" info="Monk weapon"/>
<weapon name="Whip" type="Exotic" finesse="true" size="Small" damage_type="S" base_damage="2d4" crit_range="18-20" crit_multiplier="2"/>
<weapon name="Wind Fire Wheel" type="Exotic/Monk" finesse="true" size="Small" damage_type="S" base_damage="2d4" crit_range="19-20" crit_multiplier="2"/>
<!-- Medium -->
<weapon name="Club" type="Simple/D/M/R/W" intuitive_attack="true" size="Medium" damage_type="B" base_damage="1d8" crit_range="19-20" crit_multiplier="2"/>
<weapon name="Heavy Mace" type="Simple/Rogue" intuitive_attack="true" size="Medium" damage_type="B" base_damage="1d8" crit_range="19-20" crit_multiplier="3"/>
<weapon name="Morningstar" type="Simple/Rogue" size="Medium" damage_type="P" base_damage="1d8" crit_range="19-20" crit_multiplier="3"/>
<weapon name="Battleaxe" type="Martial" size="Medium" damage_type="S" base_damage="1d8" crit_range="20" crit_multiplier="4"/>
<weapon name="Heavy Pick" type="Martial" size="Medium" damage_type="P" base_damage="1d8" crit_range="20" crit_multiplier="4"/>
<weapon name="Light Flail" type="Martial" size="Medium" damage_type="B" base_damage="1d8" crit_range="18-20" crit_multiplier="2"/>
<weapon name="Longsword" type="Martial/Elf" size="Medium" damage_type="S" base_damage="1d8" crit_range="19-20" crit_multiplier="3"/>
<weapon name="Rapier" type="Martial/Elf/R" finesse="true" size="Medium" damage_type="P" base_damage="1d8" crit_range="18-20" crit_multiplier="2" info="Rapier Wit"/>
<weapon name="Scimitar" type="Martial/Druid" intuitive_attack="true" size="Medium" damage_type="S" base_damage="1d8" crit_range="18-20" crit_multiplier="2"/>
<weapon name="Warhammer" type="Martial" size="Medium" damage_type="B" base_damage="1d8" crit_range="20" crit_multiplier="4"/>
<weapon name="Bastard Sword" type="Exotic" size="Medium" damage_type="S" base_damage="2d8" crit_range="19-20" crit_multiplier="3"/>
<weapon name="Dwarven Waraxe" type="Exotic" size="Medium" damage_type="S" base_damage="2d6" crit_range="20" crit_multiplier="4" info="Adds shield AC"/>
<weapon name="Katana" type="Exotic" finesse="true" size="Medium" damage_type="S" base_damage="2d8" crit_range="18-20" crit_multiplier="2"/>
<!-- Large -->
<weapon name="Spear" type="Simple/Druid" intuitive_attack="true" size="Large" damage_type="P" base_damage="1d8" crit_range="19-20" crit_multiplier="2"/>
<weapon name="Quarterstaff" type="Simple/D/M/R/W" intuitive_attack="true" size="Large" damage_type="B" base_damage="1d10" crit_range="20" crit_multiplier="2" info="Monk weapon (21+)"/>
<weapon name="Falchion" type="Martial" size="Large" damage_type="S" base_damage="1d10" crit_range="18-20" crit_multiplier="2"/>
<weapon name="Greataxe" type="Martial" size="Large" damage_type="S" base_damage="1d10" crit_range="19-20" crit_multiplier="3"/>
<weapon name="Greatsword" type="Martial" size="Large" damage_type="S" base_damage="1d10" crit_range="19-20" crit_multiplier="3"/>
<weapon name="Halberd" type="Martial" size="Large" damage_type="P" base_damage="1d10" crit_range="19-20" crit_multiplier="3"/>
<weapon name="Heavy Flail" type="Martial" size="Large" damage_type="B" base_damage="1d10" crit_range="18-20" crit_multiplier="2"/>
<weapon name="Maul" type="Martial" size="Large" damage_type="B" base_damage="1d10" crit_range="20" crit_multiplier="4"/>
<weapon name="Trident" type="Martial" size="Large" damage_type="P" base_damage="1d10" crit_range="20" crit_multiplier="4"/>
<weapon name="Scythe" type="Exotic" size="Large" damage_type="S" base_damage="2d8" crit_range="20" crit_multiplier="4"/>
<!-- Huge -->
<weapon name="Mercurial Greatsword" type="Exotic" size="Huge" damage_type="S" base_damage="1d12" crit_range="20" crit_multiplier="4"/>
<weapon name="Lance" type="Exotic" size="Huge" damage_type="P" base_damage="1d12" crit_range="20" crit_multiplier="4"/>
<!-- Double -->
<weapon name="Dire Mace" type="Exotic/Double" size="Large" damage_type="B" base_damage="2d6" crit_range="19-20" crit_multiplier="3"/>
<weapon name="Double Axe" type="Exotic/Double" size="Large" damage_type="S" base_damage="2d6" crit_range="19-20" crit_multiplier="3"/>
<weapon name="Double Scimitar" type="Exotic/Double" size="Large" damage_type="S" base_damage="2d6" crit_range="18-20" crit_multiplier="2"/>
<weapon name="Two-Bladed Sword" type="Exotic/Double" size="Large" damage_type="S" base_damage="2d6" crit_range="19-20" crit_multiplier="3"/>
<!-- Unarmed -->
<weapon name="Unarmed" type="Unarmed" finesse="true" size="-" damage_type="B" base_damage="1d6" crit_range="20" crit_multiplier="2"/>
<!-- Ranged -->
<weapon name="Dart" type="Simple/D/R" finesse="true" size="Ranged" damage_type="P" base_damage="1d4" crit_range="20" crit_multiplier="2" info="Mighty, Brutal Throw"/>
<weapon name="Throwing Axe" type="Martial" finesse="true" size="Ranged" damage_type="S" base_damage="1d6" crit_range="20" crit_multiplier="3" info="Mighty, Brutal Throw"/>
<weapon name="Shuriken" type="Exotic/Monk" finesse="true" intuitive_attack="true" size="Ranged" damage_type="P" base_damage="1d3" crit_range="20" crit_multiplier="3" info="Monk weapon (21+)"/>
<weapon name="Sling" type="Simple/D/M/R" finesse="true" size="Ranged" damage_type="B" base_damage="1d4" crit_range="20" crit_multiplier="2"/>
<weapon name="Light Crossbow" type="Simple/M/R/W" finesse="true" size="Ranged" damage_type="P" base_damage="1d8" crit_range="19-20" crit_multiplier="2" info="Extra attacks"/>
<weapon name="Heavy Crossbow" type="Simple/M/R/W" finesse="true" size="Ranged" damage_type="P" base_damage="1d10" crit_range="19-20" crit_multiplier="2" info="Extra attacks"/>
<weapon name="Shortbow" type="Martial/Elf/R" finesse="true" size="Ranged" damage_type="P" base_damage="1d6" crit_range="20" crit_multiplier="3" info="See note"/>
<weapon name="Longbow" type="Martial/Elf" finesse="true" size="Ranged" damage_type="P" base_damage="1d8" crit_range="20" crit_multiplier="3"/>
</weapons>
