<weapontypes>
<weapon name="Bag of Bees" type="Hive" basetype="Sap" sonic="8d12" magic="2d10" EB="12"/>
<weapon name="Bombilation" type="Hive" basetype="Scimitar" sonic="8d12" magic="2d12" EB="12"/>
<weapon name="Chittering Cacophony" type="Hive" basetype="Dwarven Waraxe" sonic="8d12" magic="2d10" EB="12"/>
<weapon name="Dionaea" type="Hive" basetype="Shortbow" sonic="2d12" divine="2d12" AB="16" info="Mighty +16, Shield AC +6, Craft Weapon +10, Listen +10, Seach +10, Spot +10"/>
<weapon name="Howling Ovipositor" type="Hive" basetype="Katar" sonic="8d12" magic="2d10" EB="12"/>
<weapon name="Penetrating Drone" type="Hive" basetype="Shortsword" sonic="8d12" magic="2d10" EB="12"/>
<weapon name="Rapacious Buzz" type="Hive" basetype="Heavy Pick" sonic="8d12" magic="2d10" EB="12"/>
<weapon name="Swarming Symphony" type="Hive" basetype="Kukri" sonic="8d12" magic="2d10" EB="12"/>
<weapon name="Vicious Warble" type="Hive" basetype="Light Hammer" sonic="8d12" magic="2d10" EB="12"/>
</weapontypes>
