<?xml version="1.0" encoding="utf-8"?>
<runs>
    <area name="Limbo - Ruined City of Shra'kt'lor" run="*" />
    <area name="Limbo - Ruined City of Shra'kt'lor: Housing District" run="Limbo P1">
		<pin x="10.5" y="10.7" text="Fake Search spot - just for demonstration purposes" />
	</area>
    <area name="Limbo - Ruined City of Shra'kt'lor: Merchant District" run="Limbo P1" />
    <area name="Limbo - Monastery of Zerth'Ad'lun: Exterior" run="Limbo P1" />
    <area name="Limbo - Monastery of Zerth'Ad'lun: Interior" run="Limbo P1" />
    <area name="Limbo - The Path of Chaos: Hemera" run="Limbo P2" />
    <area name="Limbo - The Path of Chaos: Ourea" run="Limbo P2" />
    <area name="Limbo - The Path of Chaos: Erebos" run="Limbo P2" />
    <area name="Limbo - The Spawning Stone" run="Limbo P2" />
    <area name="Limbo - Fortress of Entropy: Outer Ward" run="Limbo P2" />
    <area name="Limbo - Fortress of Entropy: Inner Ward" run="Limbo P2" />
</runs>

